"video_id","video_title","upload_date","view_count","like_count","comment_count","duration"
"iyC8DDJkB14","El M√©todo Rebord #61 - Leila Guerriero","2023-06-16","0","100","21","150"
"9IZMGSA5nIc","El M√©todo Rebord #60 - Connie Ballarini","2023-06-11","126375","3762","284","122"
"4VqppQe95n4","Mart√≠n Garabal recuerda la √∫nica pelea que tuvo","2023-06-11","2974","103","6","8"
"PzwsCBPqHZw","¬øLa cultura de la cancelaci√≥n mata al arte?","2023-06-11","6682","222","22","14"
"YZlznvvKM4w","¬øQu√© pas√≥ con √öltimos Cartuchos?","2023-06-11","52878","1163","89","27"
"kXXiKR17izQ","Garabal analiza lo TRASCENDENTE Y EF√çMERO","2023-06-11","2649","55","3","11"
"p4xavsp5PRg","El M√©todo Rebord #59 - Mart√≠n Garabal","2023-06-04","406196","12023","746","118"
"PyXvRvnx-_0","Beder y Rebord hablando sobre literatura","2023-06-04","2906","109","8","25"
"7hcNRn70G2Y","Germ√°n Beder y su cercan√≠a con el basket y la Selecci√≥n Nacional","2023-06-04","5122","160","4","15"
"R8q20WNYjeU","EL √âXITO DETR√ÅS DE PAREN LA MANO","2023-06-04","6217","226","7","20"
"5QI_ZtIflRk","El M√©todo Rebord #58 - Germ√°n Beder","2023-05-28","585615","24637","1459","137"
"QtCD6CKLrjE","Julio de Vido analiza el PASADO Y PRESENTE del kirchnerismo","2023-05-28","7255","130","33","67"
"kXPbHRTzlkA","Colombofilia: Julio de Vido es FAN√ÅTICO DE LAS PALOMAS","2023-05-28","1407","41","3","9"
"1wH1VhsMZ1E","Julio de Vido cuenta c√≥mo fue su experiencia preso en la c√°rcel","2023-05-28","3179","63","10","29"
"r_TyxZwONoI","El M√©todo Rebord #57 - Julio de Vido","2023-05-21","191907","4855","783","141"
"rLeLYIn4vg0","Andy Chango sobre c√≥mo fue encarnar a Charly Garc√≠a en El Amor Despu√©s del Amor","2023-05-20","64146","1771","78","20"
"MczvKbM-sOE","Andy Chango CASI MUERE desintoxic√°ndose","2023-05-19","100433","2631","215","27"
"wJr-YaFGwMI","Andy Chango y el emotivo recuerdo de su padre","2023-05-19","15950","352","18","21"
"h3HtBhArO1Q","El M√©todo Rebord #56 - Andy Chango","2023-05-14","489679","13156","1547","159"
"hJFzp40Ucz4","JORDAN O LEBRON: ¬øQUI√âN ES EL GOAT?","2023-05-12","135734","4480","839","14"
"pGY38o4V-xA","Azzaro, internet y el FUTURO DEL PERIODISMO DEPORTIVO","2023-05-12","23311","506","35","17"
"KRGJxvFTod4","LA SCALONETA y el periodismo deportivo","2023-05-12","33624","997","41","10"
"rk7CUgNGoIg","LA TRANSFORMACI√ìN DE MESSI que hizo a ARGENTINA CAMPE√ìN","2023-05-12","59066","2026","66","9"
"TsyvXDVbnCQ","El M√©todo Rebord #55 - Juan Pablo Varsky","2023-05-07","295420","7423","474","133"
"fM890xEotWQ","Migue Granados y la INFANCIA NOVENTISTA que no fue...","2023-05-05","27914","624","35","11"
"u7Z91JY5CM0","¬øQu√© pas√≥ con √öltimos Cartuchos?","2023-05-05","106092","2604","120","12"
"88jXlnjoRDA","¬øC√≥mo se lleva Migue Granados con las redes?","2023-05-05","7695","169","6","13"
"VbGpSf_S4qQ","&quot;YAYO Y VERNACI TE DEJAN HACER EL GOL Y SIGUEN SIENDO ELLOS&quot;","2023-05-05","40693","782","40","7"
"FUP9hkeHVIU","URGENTE: YOUTUBE NOS MAND√ì ESTA CARTA","2023-05-02","82439","7973","461","2"
"9NZcuenDQBg","El M√©todo Rebord #54 - Migue Granados","2023-04-30","989752","25531","1031","100"
"739dNYe3fs8","¬øCu√°l es el plan de Melconian para el pr√≥ximo Presidente?","2023-04-28","8007","183","46","52"
"hJ0hgCitJ8g","¬øCu√°nto peso tiene la identidad armenia?","2023-04-28","4084","107","11","12"
"4lmu7Vp22vA","¬øSE PUEDE DOLARIZAR?: Melconian le responde a Milei","2023-04-28","29745","1022","370","13"
"knkHRmxhtGE","¬øC√≥mo fue la reuni√≥n entre Melconian y Cristina Kirchner?","2023-04-28","8741","182","12","7"
"ReHNYp1OFo0","El M√©todo Rebord #53 - Carlos Melconian","2023-04-23","355041","7593","1252","151"
"bm01ZyXWo8k","Sarlo y el recuerdo de Horacio Gonz√°lez","2023-04-21","4552","89","8","4"
"cYwVLtj5wV4","BEATRIZ SARLO ES HINCHA DE FERRO","2023-04-21","4439","152","9","4"
"ffGbwwVVeBs","Borges y Saer: ¬ølos dos escritores m√°s grandes del siglo XX?","2023-04-21","5339","147","27","11"
"Xgi_KjwBOfo","El M√©todo Rebord #52 - Beatriz Sarlo","2023-04-16","182726","4677","930","86"
"tRg6wT5wnnA","As√≠ Korovsky convenci√≥ a Netflix para hacer Divisi√≥n Palermo","2023-04-11","45397","1555","38","5"
"V3MH1l08MTI","El impresionante detr√°s de escena de Divisi√≥n Palermo","2023-04-11","11509","330","10","6"
"1OR3F_d2TLs","Comunicaci√≥n social: la experiencia de Korovsky","2023-04-11","28273","999","50","12"
"X20zD2tV2Yw","Payam√©dicos: la an√©cdota de Korovsky que quebr√≥ a Rebord","2023-04-11","72934","2081","95","10"
"AxUDKVxNOHs","El M√©todo Rebord #51 - Santiago Korovsky","2023-04-09","315407","7458","481","119"
"sjwh7PfqJBQ","Alberto Fern√°ndez SI O SI quiere una PASO 2023 en el Frente de Todos","2023-04-04","2865","59","16","39"
"CtSErnXkUlU","¬øAlberto Fern√°ndez elegir√≠a de vuelta ser Presidente?","2023-04-04","8828","136","49","14"
"WoI77_LyjZo","EL RELATO: REBORD VS ALBERTO","2023-04-04","8594","162","57","25"
"beGa2sZfZM0","El plan de Alberto para las elecciones: PASO en el Frente de Todos si o si","2023-04-04","8766","233","29","1"
"_gCy0zcG8f8","Relato: Rebord vs Alberto","2023-04-04","13961","517","52","1"
"ClHeQOLRPo0","¬øVolver√≠a Alberto Fern√°ndez a elegir ser presidente?","2023-04-04","10726","256","42","1"
"AUU9RlDrSo0","El M√©todo Rebord #50 - Alberto Fern√°ndez","2023-04-02","510063","16174","3305","134"
"Z62LmqOoorE","Grabar Porno y Helado FUE DUR√çSIMO","2023-03-28","33008","567","36","7"
"27dwKv0DzjM","BAILANDO: C√≥mo le gan√≥ Sofi Morandi a Jimena Bar√≥n y Flavio Mendoza","2023-03-28","1974","34","6","14"
"ZtY9jqNFl9E","SIEMPRE HAY QUE PERFECCIONARSE","2023-03-28","2798","47","3","23"
"mAI4eIQZ1vY","¬øSer influencer es m√°s dif√≠cil que antes?","2023-03-28","2688","41","7","8"
"iVa9g0Uh7h0","Dolina sobre la discriminaci√≥n a la vejez","2023-03-27","19354","1351","40","1"
"nlZqtPaUlJA","Creatividad: Dolina explica como evitar repetirse a uno mismo","2023-03-27","22285","1312","19","1"
"2_2Da_SCszI","Dolina sobre el desamor","2023-03-27","42962","3153","62","1"
"e-dnzbdsff4","El M√©todo Rebord #49 - Sofi Morandi","2023-03-26","81944","1748","309","96"
"yIPAMuMbIyQ","La amistad, la muerte y el paso del tiempo: 24 minutos de Dolina reflexionando","2023-03-22","173188","4596","371","25"
"qphNXY-6A3k","El d√≠a que Dolina conoci√≥ a Borges y el miedo a repetirse","2023-03-22","72719","1974","151","14"
"hW416hYDcAQ","El consejo de Dolina para poder escribir","2023-03-22","18608","623","37","21"
"OA1biHKSyTw","El M√©todo Rebord #48 - Alejandro Dolina","2023-03-19","741509","20528","1801","124"
"EdWdquq0teU","La Bresh: el McDonald&#39;s argentino de fiestas","2023-03-01","12021","275","18","1"
"oRPkBU06ris","Mariana Enriquez sobre las dr0gas y la creatividad","2023-03-01","12617","529","19","1"
"AoODHN1yTmo","As√≠ fue la fuga del Penal de Rawson (Parte 1)","2023-02-25","3443","71","4","2"
"ruQNjqySwik","As√≠ fue la fuga del Penal de Rawson (Parte 2)","2023-02-25","3672","88","8","2"
"4PJ3tcWmosU","La influencia de China en Latinoam√©rica","2023-02-25","6261","222","11","1"
"Usdo-uzzlcU","M√°ximo Kirchner y Rebord analizan la NBA","2022-11-18","15456","278","68","11"
"Dz0BCpBMcos","Grieta: ¬øpodr√≠a Cristina Kirchner hablar con H√©ctor Magnetto?","2022-11-15","11976","220","83","22"
"NJMeYp1PvYQ","M√°ximo Kirchner explica como se cre√≥ LA CAMPORA ‚úåüèΩ","2022-11-15","16888","307","114","20"
"JLxTct7NsBE","üîã Recursos naturales: ¬øEl kirchnerismo &quot;no quiere HACER GUITA&quot;?","2022-11-15","10507","269","75","17"
"7nVJCTt_CT8","M√°ximo Kirchner sobre el detr√°s de la ruptura con Alberto y su renuncia a la presidencia del bloque","2022-11-15","19079","343","79","42"
"KKH08BnAUBY","El M√©todo Rebord #47 - M√°ximo Kirchner","2022-11-13","570136","13401","1671","225"
"StVZAt86Ne8","¬øEl PROGRESISMO se qued√≥ en el Siglo XX?","2022-11-09","10401","323","82","27"
"wvxuruvRqIw","Dolarizar, Moneda √önica Regional y ¬øArgentina üìà oüìâ?","2022-11-09","29465","953","200","43"
"xxgSjtwbcJg","¬øLOS ARGENTINOS SON ECON√ìMICAMENTE IRRACIONALES?","2022-11-09","15754","503","58","10"
"flkNFbyJ8E4","C√≥mo RESOLVER LA INFLACI√ìN ARGENTINA en 3 simples pasos... üòõ","2022-11-09","25853","976","199","32"
"FMO13F3Btd0","El M√©todo Rebord #46 - Emmanuel Alvarez Agis","2022-11-06","331206","7283","925","152"
"ZikeBM7Ha2E","Las an√©cdotas M√ÅS INS√ìLITAS de las GIRAS BANANERAS","2022-10-26","79849","3231","128","35"
"46a5HW2lFSs","La DEPRESI√ìN de El Bananero tras la FAMA","2022-10-26","336273","15710","577","7"
"-b-Rrdkdydo","El nacimiento de El Bananero y el origen del SAPE","2022-10-26","333658","11878","445","38"
"aXx-5uehyKI","Rebord y el Bananero opinan sobre ¬øMARVEL o DC?","2022-10-26","97267","4609","386","15"
"Wevw4zbhScM","El M√©todo Rebord #45 - El Bananero","2022-10-23","875614","34280","1860","104"
"l8sNMFruDao","¬øLuquitas Rodr√≠guez corre peligro en el Mundial Qatar 2022?","2022-10-21","9101","383","20","12"
"WeValNLAcDQ","LOS STREAMERS TIENEN QUE AGRUPARSE","2022-10-21","7673","289","19","11"
"-Rofg0Gb9Y8","¬øSomos adictos al entretenimiento?: la reflexi√≥n de Guille Aquino","2022-10-21","10547","350","20","30"
"5Fbae9jt9Bc","40 minutos de cine con Luquitas Rodr√≠guez, Guille Aquino y Rebord","2022-10-21","11152","395","26","41"
"yWlSbdnh6LA","Conclave #3 - Luquitas Rodriguez y Guille Aquino","2022-10-17","1173636","20852","1253","176"
"FStaQVTWz2w","El M√©todo Rebord #44 - Osvaldo Carnival","2022-10-09","64215","1635","395","124"
"Viucs4TAvcE","¬øBorges o Cortazar? ¬øAlan Moore o Neil Gaiman?","2022-10-07","19465","621","93","8"
"zG3DYMPPkm4","DR0GAS Y LITERATURA: la experiencia de Mariana Enriquez","2022-10-07","7928","262","31","10"
"oNUl_c-0uZ0","Mariana Enr√≠quez explica su PROCESO CREATIVO Y M√âTODO DE ESCRITURA","2022-10-07","4912","195","11","29"
"btXkmlvn79Y","Mariana Enriquez sobre por qu√© funciona el TERROR COMO G√âNERO","2022-10-07","7411","286","12","30"
"ICbnfgarTNQ","El M√©todo Rebord #43 - Mariana Enr√≠quez","2022-10-02","447049","10211","719","158"
"A3bEAoVneYo","&quot;Nunca fum√© ni un porro en mi vida&quot;: Ritondo desestim√≥ la denuncia de Arroyo Salgado","2022-09-29","2594","52","19","5"
"IHSm38LM974","ATENTADO A CRISTINA: Ritondo analiza el accionar de la oposici√≥n","2022-09-29","4435","83","21","18"
"xWiRnTurJB4","¬øPARA QUE SE US√ì LA DEUDA DE MACRI?","2022-09-29","11084","172","141","13"
"AzOyR9wiKNk","Ritondo analiza la INTERNA en JUNTOS POR EL CAMBIO","2022-09-29","4567","70","13","21"
"RN8E16lb5Gc","ANUNCIO IMPORTANTE: NO QUER√çAMOS LLEGAR A ESTO","2022-09-28","53749","4529","465","2"
"cuykltGqOP4","El M√©todo Rebord #42 - Cristian Ritondo","2022-09-25","80234","1710","625","96"
"kxEEBglOWC0","La Bresh, el McDonald&#39;s argento de FIESTAS que conquist√≥ el Mundo","2022-09-19","5915","87","20","10"
"OhOsTmfFP3I","Ofelia Fern√°ndez sobre el d√≠a que ubic√≥ a un legislador de Milei","2022-09-19","7226","143","81","12"
"8WJ8MaX8ZPc","C√≥mo ser VIRAL y NO CHOCARLA en el intento","2022-09-19","4885","56","13","14"
"wcC7MPwwfr4","¬øLos influencers tienen que pronunciarse sobre el atentado a CFK?","2022-09-19","30293","489","358","42"
"PBupu-Jphlk","La ambici√≥n de Santi Maratea con la Web 3.0","2022-09-19","14143","267","335","32"
"hQvveEsbSJE","C√≥nclave #2 - Santi Maratea y Ofelia Fern√°ndez","2022-09-19","226321","6029","1228","146"
"gYLr-YLySZc","As√≠ grabaron su primer disco los Illya Kuryaki and the Valderramas","2022-09-15","9248","428","6","1"
"GNdkvQXKKn4","¬øTiene que asumir Cristina?","2022-09-15","30998","688","40","1"
"ctOqc2ormHo","La conexi√≥n entre la polic√≠a y el narcotr√°fico","2022-09-15","9032","285","6","1"
"a8r3BY5m3GM","¬øLos sueldos argentinos est√°n por dispararse?","2022-09-14","38681","791","252","32"
"B9eTg3JGzgo","¬øChina ya le gan√≥ a Estados Unidos?","2022-09-14","30417","779","161","19"
"bvGI2VYiqcA","Iv√°n Schargrodsky da una PRIMICIA sobre el ATENTADO A CFK","2022-09-14","42460","1055","128","17"
"XLKROq_x9y8","¬øMILEI CIERRA CON MACRI? ¬øLARRETA NO LLEGA?","2022-09-14","36700","739","147","42"
"eFjgrXv8UL8","Un BOSTERO y un GALLINA discuten tras el SUPERCL√ÅSICO 2022 BOCA - RIVER","2022-09-14","13470","454","148","10"
"-tD9dcvm9LQ","C√≥nclave #1 - Carlos Maslat√≥n e Iv√°n Schargrodsky","2022-09-12","523928","12191","1110","156"
"bp-Emw5T9yo","Emma Horvilleur sobre los 90&#39;, &quot;VENDERSE&quot;, TRIBUS URBANAS y la GRIETA MUSICAL","2022-08-29","24655","477","141","14"
"kmWvJE4WnxU","Emmanuel Horvilleur sobre la paternidad","2022-08-29","7294","173","5","9"
"dB5qddWcvTM","Chaco y la incre√≠ble evoluci√≥n de Illya Kuryaki and the Valderramas","2022-08-29","8836","223","18","14"
"j8i2dJ_fuJE","El M√©todo Rebord #41 - Emmanuel Horvilleur","2022-08-28","120905","3006","384","125"
"G9vaz8ndUXE","La vez que Altamira corri√≥ por izquierda a Fidel Castro #shorts #cuba","2022-08-25","32763","793","37","1"
"rR-PMDgBqWw","Lo m√°s duro de emigrar a otro pa√≠s #shorts #travel","2022-08-25","10780","477","50","1"
"841zZhUeuLY","Berni: &quot;Me duele con el alma que no defiendan a Cristina&quot;","2022-08-24","6400","189","47","18"
"6ZvyxQFwlNs","C√≥mo se viv√≠a en una BASE MILITAR en medio de la nada","2022-08-24","3262","81","17","28"
"9fszKZGIieQ","El v√≠nculo de la Polic√≠a con el narcotr√°fico","2022-08-24","8492","203","37","18"
"J_2AWU_BwEk","Bienvenido al M√©todo","2022-08-22","66908","1524","101","1"
"zEyv08P7D9E","El M√©todo Rebord #40 - Sergio Berni","2022-08-21","188010","4869","869","91"
"oTKHdafaFX4","Rebord y Nati Jota sobre la tele #shorts","2022-08-17","26708","529","15","1"
"XSmYxka2xDk","Cuando tu abuelo empieza a usar Twitter #shorts","2022-08-17","10549","430","10","1"
"E_EMDqL-z8A","¬øHay que eliminar los servicios de inteligencia? #shorts","2022-08-17","10540","345","18","1"
"xVRbDQOwmdc","&quot;Hay una fantas√≠a de identificaci√≥n total con los creadores de contenido&quot;","2022-08-16","5743","160","21","20"
"E8VDq22gNTw","Paulina Cocina cuenta como DOMIN√ì al algoritmo","2022-08-16","8707","255","19","32"
"-lAqS_r5uk8","Lo m√°s dif√≠cil de EMIGRAR a otro pa√≠s","2022-08-16","8443","214","14","31"
"jGs9jwx3u_M","El M√©todo Rebord #39 - Paulina Cocina","2022-08-14","254196","7052","526","118"
"TGHCZwSlFX0","Jorge As√≠s y Rebord analizan el futuro de Massa y la vigencia del peronismo","2022-08-08","66625","1239","187","27"
"SdzFiWqEp4g","&quot;El menemismo fue el √∫nico proyecto capitalista en la Argentina&quot;","2022-08-08","9329","204","57","7"
"fJiDbi7aeqg","Jorge As√≠s se convirti√≥ en escritor FINGIENDO SERLO","2022-08-08","4035","90","4","27"
"cUxQQU45cQ4","El M√©todo Rebord #38 - Jorge &quot;El Turco&quot; Asis","2022-08-07","207785","5688","761","97"
"8Vu14CLAuUM","EL INCREIBLE ESCAPE de la c√°rcel de Rawson, contado en primera persona","2022-08-02","40449","742","150","46"
"rpJeifR05Hs","¬øRealmente Per√≥n ech√≥ a los Montoneros de Plaza de Mayo?","2022-08-02","58058","1126","490","28"
"LM0OLEoq6so","Hay que hacer una OPEP DEL LITIO","2022-08-01","5405","145","30","10"
"ZhqKsIDmVrs","El M√©todo Rebord #37 - Fernando Vaca Narvaja","2022-07-31","388048","7289","1826","195"
"-JAHjUDvcac","El video que inspir√≥ a Santi Maratea a seguir sus sue√±os","2022-07-26","4650","72","19","30"
"Sa1HFH3V3yo","¬øSanti Maratea HACE POL√çTICA?","2022-07-26","6279","136","45","68"
"9AwM3TiuEKE","TWITTER ES LA √öNICA RED SOCIAL","2022-07-26","3422","48","6","8"
"0eRr6uyYkBo","Concha Potter y faltar a su cumplea√±os: las obras de arte de Maratea","2022-07-26","5666","72","22","17"
"BGCQ2Q4Q0w4","El M√©todo Rebord #36 - Santi Maratea","2022-07-24","341123","7400","1316","173"
"Jq7q4eVhxJY","El Conurbano y el Estado Nacional controlan a la Provincia de Buenos Aires","2022-07-18","21941","485","88","14"
"_aUow-tzhEU","Solo Cristina puede hacer el ajuste m√°s leve, seg√∫n Pagni","2022-07-18","52302","1358","209","19"
"OkhmBxs4xFo","¬øHay que ELIMINAR los SERVICIOS DE INTELIGENCIA?","2022-07-18","12860","326","22","10"
"DW3fnTN2zy4","El M√©todo Rebord #35 - Carlos Pagni","2022-07-17","286137","8644","1326","74"
"Gm5Z8gwV684","MONEDA √öNICA DIGITAL: La propuesta que quiere implementar Capitanich","2022-07-11","11907","266","136","27"
"6isRhalI8Vw","C√≥mo ve Capitanich al Frente de Todos","2022-07-11","5029","124","34","6"
"h9YiNRCmDBY","El M√©todo Rebord #34 - Jorge Capitanich","2022-07-10","96607","3103","771","84"
"Ih79HnCqYqg","¬øPor qu√© se dividi√≥ el Partido Obrero?","2022-07-04","15440","313","78","18"
"5TN7kOWyZug","El origen peronista de Jorge Altamira","2022-07-04","6119","157","17","16"
"hSFcO7Ebvlk","Pol√≠tica Internacional: an√©cdotas con Fidel y an√°lisis guerra Ucrania-Rusia","2022-07-04","11393","224","89","37"
"xBh9Rr6QHmI","El M√©todo Rebord #33 - Jorge Altamira","2022-07-03","167793","4270","1036","136"
"Rko8GSFL4U8","Or√≠genes MTE: Grabois y c√≥mo llega a Cartoneros","2022-06-28","6202","144","7","19"
"vv5ZZbyCWKI","¬øLos planes sociales desincentivan la cultura del trabajo?","2022-06-28","16351","340","108","23"
"PbOTsaLBlfE","El M√©todo Rebord #32 - Juan Grabois","2022-06-26","324430","11444","1416","123"
"KGZk24qBzkA","La militancia juvenil en los 70&#39;","2022-06-21","7525","195","17","17"
"aOGKtcwdB_0","Napole√≥n, REVOLUCIONES y Argentina: 42 minutos de historia con Pigna y Rebord","2022-06-21","55334","1285","104","43"
"qK4i3IJrEJ0","¬øC√≥mo era hacer la Colimba durante la √∫ltima dictadura?","2022-06-21","11161","346","26","9"
"Z9KbyI4mbFg","Algo Habr√°n Hecho, Mart√≠nez de Hoz y Pergolini: el ascenso de Pigna a la M√ÅXIMA HISTORIA","2022-06-21","41471","844","102","26"
"ztEnK_jOvl4","La influencia de la RELIGI√ìN en la HISTORIA","2022-06-21","28364","808","56","20"
"CMhabU13GFE","El M√©todo Rebord #31- Felipe Pigna","2022-06-19","693046","13264","1024","164"
"2p70cWAB_UA","¬øMetodo Milei? ¬øLa grieta mide? Rebord y O‚ÄôDonnell sobre la entrevista","2022-06-13","25490","641","109","12"
"2Hlalvx6vDQ","¬øSe puede ser imparcial en el periodismo?","2022-06-13","5048","81","20","32"
"Gp8ged0BWSE","Los comienzos de P√°gina 12 y el cambio de Lanata","2022-06-13","37890","732","136","10"
"4I37WuzVI3w","El M√©todo Rebord #30 - Maria O&#39;Donnell","2022-06-12","145589","4091","583","120"
"zdjLPL16zxY","La oscura profec√≠a de Guillermo Moreno para el peronismo","2022-06-06","44346","1326","288","17"
"ULj0h7U3IjY","Las mejores an√©cdotas de Moreno como Secretario de Comercio","2022-06-06","77449","1748","235","44"
"VgKcXLuhuj0","El M√©todo Rebord #29 - Guillermo Moreno","2022-06-05","434615","13762","2492","88"
"uJOM7kSMCy4","Montoneros y dictadura: ¬øc√≥mo era vivir clandestino?","2022-05-30","30457","769","270","30"
"Li9sh5vxohY","El d√≠a que Menem fue CAPIT√ÅN de la Selecci√≥n","2022-05-30","15294","325","37","26"
"EIRkjW97uxU","Galmarini, enamorado: &quot;Moria Casan es El Diego femenino&quot;","2022-05-30","18155","472","57","13"
"KcipL7fIBUU","El M√©todo Rebord #28 - Fernando &quot;Pato&quot; Galmarini","2022-05-29","109478","3690","365","115"
"CpO2YQJ3-XU","Milei vs Larreta y la lista de L√≥pez Murphy","2022-05-23","16379","441","156","28"
"O_l5BL4kfL8","¬øHay que arancelar la universidad p√∫blica?","2022-05-23","23738","727","577","19"
"v36OajfG3OQ","La verdad sobre el vuelo 370 de Malaysia Airlines","2022-05-23","31635","511","95","11"
"Nj_uWX7zrpE","Franco Rinaldi habla sobre su accidente de tr√°nsito","2022-05-23","11391","267","84","15"
"wioqxlmXg8E","El M√©todo Rebord #27 - Franco Rinaldi","2022-05-22","184686","6827","1106","124"
"-4gM4VfkoJ8","Julia Mengolini y su pasado en la C√°mpora","2022-05-17","24658","623","164","25"
"vvMWGQILDrI","Mengolini: &quot;Me llamaron de C5N para sacar a Feinmann&quot;","2022-05-16","12030","304","65","16"
"Ebnrn5_SJvc","Medios y pauta: ¬øFuturock da guita?","2022-05-16","12446","306","131","26"
"6A_WDThBAJg","Marihuana y embarazo","2022-05-16","15186","512","122","21"
"fBXh8wOYYqc","Feminismo y escraches: &quot;Toda revoluci√≥n tiene sus jacobinos&quot;","2022-05-16","11287","363","83","17"
"1gaC5scO8E4","El Metodo Rebord #26 - Julia Mengolini","2022-05-15","231879","6861","812","150"
"cvUYYBuYs3U","Las mejores teor√≠as conspirativas de la far√°ndula argentina","2022-05-03","28129","715","58","7"
"s2gkzw7NlrA","¬øEl chimento tiene l√≠mites?","2022-05-03","8825","158","8","15"
"oT1k9vztbHI","¬øLos realitys son reales?","2022-05-03","10421","214","13","11"
"ywVT9CPNGPI","El Metodo Rebord #25 - Juariu (Vicky Braier)","2022-05-01","67845","1842","220","104"
"cyjwrHWQ7e4","¬øC√≥mo se crea un sello independiente?: la experiencia de Bohemian Groove","2022-04-25","9599","317","21","14"
"UFSaoMQURaA","¬øQu√© quer√≠a ser Dillom antes de dedicarse a la m√∫sica?","2022-04-25","3170","109","0","6"
"N2554UPcNU0","&quot;Vamos a quedar en la historia de la m√∫sica argentina&quot;","2022-04-25","5153","166","39","6"
"rSmVjwt41Jc","‚ÄúNo hay que cargar con mochilas ajenas‚Äù","2022-04-25","12662","938","22","1"
"ILbNKxFWh3Q","La historia de Dillom es parecida a la de EMINEM.","2022-04-25","36279","2385","34","1"
"S2V29ywSsIE","Dillom explica c√≥mo super√≥ sus adicciones.","2022-04-25","398954","34549","340","1"
"ZdX8t9YFjmg","¬øC√≥mo se lleva Dillom con sus padres hoy en d√≠a?","2022-04-25","484903","45261","242","1"
"OSeKhOS8ryg","El M√©todo Rebord #24 - Dillom","2022-04-24","142470","6988","474","107"
"bsou4C_IIpQ","¬øEl acuerdo con el FMI es bueno?","2022-04-18","9684","258","27","35"
"tizhdkw0O_U","El d√≠a que Chodos troleo a Neustadt","2022-04-18","5996","176","21","19"
"En-06gAP-y0","Star Wars I, II y III: ¬øSON REALMENTE MALAS?","2022-04-18","5284","243","45","9"
"Z02jYdof058","La reconversi√≥n de Cumbio: de fotolog, a CM de Mirtha Legrand.","2022-04-18","13517","358","2","1"
"KFCxtowfKmk","La lealtad y su contra hegemon√≠a","2022-04-18","7952","418","20","1"
"6ogXEIrh4uo","El M√©todo Rebord #23 - Sergio Chodos","2022-04-17","114087","3242","439","135"
"gZnYw2ywbMA","C√≥mo Cumbio se convirti√≥ en la PRIMERA INFLUENCER de Argentina","2022-04-11","5730","165","10","19"
"TqX3hLwjvuQ","Cumbio y sus experiencias laborales con Mirtha Legrand, Tinelli y Sofovich","2022-04-11","10326","363","47","20"
"TGJCwm6nqKY","Rebord y Cumbio debaten sobre la TV: ¬øSigue siendo masiva?","2022-04-11","4696","131","13","8"
"4OD-ZgrWedE","El M√©todo Rebord #22 -  Cumbio (Agustina Vivero)","2022-04-10","115067","5017","462","68"
"XsV3j4xF1tA","Pergolini y la astrolog√≠a.","2022-04-05","142080","5876","132","1"
"Fd8A9THxLhU","La verdad de Pergolini y el vaciamiento de Rock and Pop","2022-04-04","91129","1922","270","20"
"k1eOGnPq4AQ","Rock y dr0gas: las mejores an√©cdotas de Pergolini","2022-04-04","130606","2689","190","7"
"Yn-CA94EKZQ","C√≥mo lidiar con la fama: la experiencia de Pergolini","2022-04-04","13572","304","15","12"
"pZCnDWr4vJA","Inteligencia artificial y meta humanos: ¬øAterrador o revolucionario?","2022-04-04","29534","945","139","19"
"zm49034Y7Zc","El M√©todo Rebord #21 - Mario Pergolini","2022-04-03","793962","19910","1733","88"
"OKbqQ5OQNXE","El M√©todo Rebord #20 - Carlos Corach","2021-12-12","192152","3933","972","120"
"_ddSgluAago","Grobocopatel no cree en la dicotom√≠a Campo vs industria","2021-12-08","2751","71","31","13"
"cVfpHu5lli8","Para Grobocopatel Alberto Fern√°ndez endeud√≥ m√°s que Macri","2021-12-08","8061","170","87","37"
"XcNHrGRzX90","Grobocopatel: ‚ÄúArgentina deber√≠a tener 30 multinacionales‚Äù","2021-12-08","8139","252","29","9"
"ZQihGuOPImk","El trigo transg√©nico HB4 y su impacto ambiental: la mirada de Grobocopatel","2021-12-08","6901","177","41","9"
"F0mS8jzzVkE","El M√©todo Rebord #19 - Gustavo Grobocopatel","2021-12-05","121424","3468","894","89"
"svVxKw4-PXA","ShowMatch 2021: La Enana Feudale mostr√≥ los audios con Tinelli","2021-11-30","55715","880","97","18"
"mqV-HZ8T5Hs","La Enana Feudale quiere meterse en pol√≠tica","2021-11-30","4153","169","20","9"
"5exLbkqA3D8","La Enana Feudale y Rebord hablan de la actualidad argentina y la Guerra Civil Espa√±ola","2021-11-30","9458","413","46","22"
"0byr7Q1wAh8","Los 90, la convertibilidad y VideoMatch","2021-11-30","26506","680","238","22"
"P3viompdb5Y","El M√©todo Rebord #18 - Marcela Feudale","2021-11-28","124345","4372","565","144"
"KVjizDcw7YY","Iv√°n Schargrodsky y Rebord analizan el presente del Gobierno","2021-11-24","19030","439","54","61"
"E_vomA16tQA","Iv√°n Schargrodsky vive en una pel√≠cula de esp√≠as: &quot;Busqu√© micr√≥fonos en mi casa&quot;","2021-11-24","3025","81","6","9"
"QE0hi3HA2eM","¬øSirven para algo los &quot;contenidos partidarios&quot;?","2021-11-24","14034","440","83","8"
"M2R0UBWIZms","Bah√≠a Blanca es el pozo del infierno de Argentina","2021-11-24","11473","387","105","14"
"og12qCy5zcY","El M√©todo Rebord #17 - Iv√°n Schargrodsky","2021-11-21","330368","5980","647","173"
"BxaP3ZNnonk","C√≥mo lleva Damian Kuc la fama y su encuentro con Duki","2021-11-17","6510","216","11","27"
"BfiITHd6ezg","El d√≠a que Dami√°n Kuc fue cancelado por un tuit anti Maradona","2021-11-17","52257","1594","740","38"
"LQaivGdByjE","Damian Kuc habla sobre su r√°pido ascenso en internet, History Channel y la muerte de la televisi√≥n","2021-11-17","5175","139","12","9"
"6b-kKh2ldXg","El M√©todo Rebord #16 - Dami√°n Kuc","2021-11-14","209595","6358","707","111"
"Y1YuKsS9vYA","El M√©todo Rebord #15 - Leandro Santoro","2021-11-07","96944","3732","1159","77"
"V0Ru81BCxzc","As√≠ vivi√≥ Lagomarsino el d√≠a que muri√≥ Nisman","2021-11-03","6755","211","11","14"
"tfZ5RQMliJw","El d√≠a que Lagomarsino le dio su arma a Nisman","2021-11-03","9662","306","53","31"
"VJDKzIwcm5g","¬øA Nisman lo mataron?","2021-11-03","18011","567","116","22"
"ViVQJN5IfK8","El M√©todo Rebord #14 - Diego Lagomarsino","2021-10-31","245482","7052","761","104"
"zRImZNOfKD0","¬øHay que cancelar a Yayo y Olmedo?","2021-10-28","24609","662","86","19"
"j4vZOfWyrVU","Adri√°n Lakerman y Rebord debaten los l√≠mites del humor","2021-10-28","14317","448","55","24"
"Bjx4rBuDOL4","El M√©todo Rebord #13 - Adri√°n Lakerman","2021-10-24","84007","2782","272","125"
"qKESRu9MwlM","¬øPor qu√© no baja la inflaci√≥n?","2021-10-18","14313","321","206","29"
"zXtefTU-p4M","Rebord y Mat√≠as Kulfas analizan el menemismo","2021-10-18","7649","167","33","18"
"VSHnsZV-nCQ","¬øLa C√°mpora odia a Kulfas?","2021-10-18","7392","185","32","19"
"rskswNE_qVc","El M√©todo Rebord #12 - Mat√≠as Kulfas","2021-10-16","73578","2441","295","100"
"KJTE8-OG3Mc","Canallas vs Leprosos: el cl√°sico rosarino tiene DEMASIADA m√≠stica","2021-10-11","32745","1696","651","24"
"iFHsqqFtlXc","¬øEl VAR le hace bien o mal al futbol?","2021-10-11","4861","206","22","7"
"TULprr2iBQk","C√≥mo era jugar con Riquelme en Boca: &quot;Rom√°n estaba atento a todo&quot;","2021-10-11","13289","479","17","22"
"oJoD0VI4Fiw","El M√©todo Rebord #11 - Juan Cruz Komar","2021-10-08","86875","3977","454","114"
"bPIjejnbACg","Nati Jota y Rebord debaten de pol√≠tica","2021-10-06","22008","525","147","42"
"2CZcxPVN0-o","Los inicios de Nati Jota y su despido de ESPN","2021-10-06","19171","378","42","27"
"SntJlV3X8fU","Nati Jota y Rebord recordaron su pasado adolescente y el disfraz de pitufo","2021-10-06","5594","197","14","16"
"AbNyHhxq5ZU","El M√©todo Rebord #10 - Nati Jota","2021-10-03","111177","3092","423","155"
"uFaWO-2UbTo","¬øEs Mayra Arena &quot;funcional a la derecha&quot;?","2021-09-27","14899","400","192","26"
"OOEMJI-dO-4","La comparaci√≥n de Mayra Arena con Bolsonaro","2021-09-27","11173","454","125","7"
"yNL5xAzyhtY","Mayra Arena odia las charlas TED","2021-09-27","5532","225","12","9"
"DEtMSDpn1ws","El M√©todo Rebord #9 - Mayra Arena","2021-09-26","139537","4836","537","131"
"i500kYD3euo","Fede Simonetti psicoanaliza a Rebord","2021-09-21","10275","403","38","30"
"x8Bm9a0ERMw","&quot;Defender al Estado y que sea una mierd4 me cuesta un huevo&quot;","2021-09-21","47828","2009","409","22"
"gTJipfXAAcY","El pasado pol√≠tico de Fede Simonetti en el radicalismo","2021-09-21","9747","376","35","11"
"WGWnSL1rFoY","El M√©todo Rebord #8 - Fede Simonetti","2021-09-19","113346","5260","486","102"
"oO0fAYBvxmw","Maslat√≥n define al peronismo: &quot;Ser gorila es anti liberal&quot;","2021-09-13","59624","2237","451","17"
"RTJYfX9FuMc","&quot;Trump es peronista&quot;","2021-09-13","31838","1140","177","10"
"r-vFY7aO3wM","La reuni√≥n privada de Maslaton con Macri: &quot;Est√° acabado&quot;","2021-09-13","73030","1674","234","10"
"yeYrHc5oOsU","El M√©todo Rebord #7 - Carlos Maslat√≥n","2021-09-11","555386","14390","1405","113"
"f1Nngir7lV8","El d√≠a que Gergina Orellano se sum√≥ a AMMAR","2021-09-06","1461","78","2","18"
"HCPsxL9zRjI","La pol√©mica con Baby Etchecopar y las acusaciones de proxenetismo","2021-09-06","8416","352","51","26"
"Nip_3Kgwa00","C√≥mo le cont√≥ Georgina Orellano a su familia que era trabajadora sexual","2021-09-06","2581","108","4","20"
"oTqFlQsP0gM","Georgina Orellano sobre la importancia de tener un sindicato","2021-09-06","2157","92","13","18"
"pOvpca1-VqM","El M√©todo Rebord #6 - Georgina Orellano","2021-09-05","86604","4153","460","139"
"EbBUfZ4Ht8M","&quot;Gracioso mata ideolog√≠a&quot;","2021-09-01","38088","1245","83","27"
"heYecVoiQ7Q","Guille Aquino habla de su desaparici√≥n de las redes: &quot;Fueron los meses m√°s felices&quot;","2021-09-01","69523","2391","228","19"
"mCUSLH1jaQc","El video que a Guille Aquino le borraron de las redes","2021-09-01","649251","15054","1025","19"
"Zzc_qGAA3Qs","Guille Aquino cuenta su proyecto m√°s ambicioso: &quot;Es mi Apocalipsis Now&quot;","2021-09-01","7264","284","17","10"
"n8CNI_zB4Rg","El M√©todo Rebord #5 - Guille Aquino","2021-08-29","769648","17119","1133","140"
"CgCXYT9DlmQ","El d√≠a que Grabois le propuso a Ofelia ser candidata","2021-08-28","7819","206","65","11"
"VOVIYN4RTP8","Ofelia: &quot;Decidieron meterse conmigo para disciplinar a una generaci√≥n&quot;","2021-08-28","3607","136","40","15"
"sfamIDAExkI","Los chats entre Feinmann y Ofelia Fern√°ndez","2021-08-24","58727","2295","203","11"
"dD6odRJIwYk","Ofelia Fern√°ndez explica la interna en el Frente de Todos","2021-08-24","31968","868","164","20"
"lSj8bvpvaIg","El M√©todo Rebord #4 - Ofelia Fern√°ndez","2021-08-22","343806","6725","545","183"
"CcXcUiFZwVE","&quot;Si le seguimos diciendo elle a un gato va a ganar Milei&quot;","2021-08-16","56886","1872","696","14"
"nTjy9d-RKfo","La salida de Noelia Custodio de Futurock","2021-08-16","80523","2380","590","37"
"GSNg9OX2Y5s","El M√©todo Rebord #3 - Noelia Custodio","2021-08-15","305133","7853","656","110"
"X6YB1F9iyps","Pedro Rosemblat y Rebord analizan al peronismo porte√±o","2021-08-10","21249","591","77","23"
"rJbDXl_6V6M","El d√≠a que echaron a Navarro y al Cadete de C5N","2021-08-10","67826","1831","124","10"
"OQ9ZTV1m41M","El M√©todo Rebord #2 - Pedro Rosemblat","2021-08-08","350159","8456","595","149"
"cubFJSHR2Fs","Ankara hubiera sido mufa si Argentina perd√≠a la Copa Am√©rica","2021-08-03","2872","122","2","6"
"rfSGptU2dLE","La raz√≥n por la que Luquitas Rodriguez se fue de Twitch a Booyah!","2021-08-03","12240","350","12","6"
"hvGqTnh2AGE","&quot;Boca juega horrible&quot;","2021-08-03","7715","257","12","11"
"iLRHAtGXWSA","El M√©todo Rebord #1 - Luquitas Rodr√≠guez","2021-08-01","230409","6800","268","77"
